<?xml version="1.0"?>
<data grt_format="2.0">
  <value _ptr_="0x600002d67c60" type="list" content-type="object" content-struct-name="db.mgmt.Connection">
    <value type="object" struct-name="db.mgmt.Connection" id="EBA77594-3764-44CF-89C2-59D2912AA788" struct-checksum="0x96ba47d8">
      <link type="object" struct-name="db.mgmt.Driver" key="driver">com.mysql.rdbms.mysql.driver.native</link>
      <value type="string" key="hostIdentifier">Mysql@localhost:3306</value>
      <value type="int" key="isDefault">0</value>
      <value _ptr_="0x600002cb2160" type="dict" key="modules"/>
      <value _ptr_="0x600002cb3540" type="dict" key="parameterValues">
        <value type="string" key="DbSqlEditor:LastDefaultSchema"></value>
        <value type="string" key="SQL_MODE"></value>
        <value type="string" key="hostName">localhost</value>
        <value type="int" key="lastConnected">1578059619</value>
        <value type="string" key="password"></value>
        <value type="int" key="port">3306</value>
        <value type="string" key="schema"></value>
        <value type="string" key="serverVersion">8.0.18</value>
        <value type="string" key="sslCA"></value>
        <value type="string" key="sslCert"></value>
        <value type="string" key="sslCipher"></value>
        <value type="string" key="sslKey"></value>
        <value type="int" key="useSSL">1</value>
        <value type="string" key="userName">root</value>
      </value>
      <value type="string" key="name">Local instance 3306</value>
      <link type="object" struct-name="GrtObject" key="owner">27EFD785-4C69-41F6-8E8F-44D542B6AADC</link>
    </value>
    <value type="object" struct-name="db.mgmt.Connection" id="2CC2FE8A-5CB9-49D5-B7C9-95807FEDB80D" struct-checksum="0x96ba47d8">
      <link type="object" struct-name="db.mgmt.Driver" key="driver">com.mysql.rdbms.mysql.driver.native</link>
      <value type="string" key="hostIdentifier">Mysql@47.104.128.137:3306</value>
      <value type="int" key="isDefault">1</value>
      <value _ptr_="0x600002cb35a0" type="dict" key="modules"/>
      <value _ptr_="0x600002cb3600" type="dict" key="parameterValues">
        <value type="string" key="DbSqlEditor:LastDefaultSchema">netos.uc</value>
        <value type="string" key="SQL_MODE"></value>
        <value type="string" key="hostName">47.104.128.137</value>
        <value type="int" key="lastConnected">1586828067</value>
        <value type="string" key="password"></value>
        <value type="int" key="port">3306</value>
        <value type="string" key="schema"></value>
        <value type="string" key="serverVersion">8.0.17</value>
        <value type="string" key="sslCA"></value>
        <value type="string" key="sslCert"></value>
        <value type="string" key="sslCipher"></value>
        <value type="string" key="sslKey"></value>
        <value type="int" key="useSSL">1</value>
        <value type="string" key="userName">cj</value>
      </value>
      <value type="string" key="name">47.104.128.137</value>
      <link type="object" struct-name="GrtObject" key="owner">27EFD785-4C69-41F6-8E8F-44D542B6AADC</link>
    </value>
  </value>
</data>
