<?xml version="1.0"?>
<data grt_format="2.0">
  <value _ptr_="0x600002d672a0" type="list" content-type="object" content-struct-name="db.mgmt.ServerInstance">
    <value type="object" struct-name="db.mgmt.ServerInstance" id="A2B54805-19DB-4F70-8572-48BCF81027F5" struct-checksum="0x367436e2">
      <link type="object" struct-name="db.mgmt.Connection" key="connection">EBA77594-3764-44CF-89C2-59D2912AA788</link>
      <value _ptr_="0x600002cfaa60" type="dict" key="loginInfo"/>
      <value _ptr_="0x600002cfaac0" type="dict" key="serverInfo">
        <value type="string" key="basedir">/usr/</value>
        <value type="string" key="datadir">/var/lib/mysql/</value>
        <value type="string" key="detected_os_name">Mac OS X</value>
        <value type="string" key="detected_os_type">darwin</value>
        <value type="string" key="detected_os_variant">Mac OS X</value>
        <value type="string" key="detected_os_version">10.15.1</value>
        <value type="string" key="errorLogFilePath">stderr</value>
        <value type="string" key="generalLogFilePath">/var/lib/mysql/8c7ac92f4b0f.log</value>
        <value type="string" key="serverVersion">8.0.18</value>
        <value type="int" key="setupPending">0</value>
        <value type="string" key="slowLogFilePath">/var/lib/mysql/8c7ac92f4b0f-slow.log</value>
        <value type="string" key="sys.config.path"></value>
        <value type="string" key="sys.config.section">mysqld</value>
        <value type="string" key="sys.preset">Custom</value>
        <value type="string" key="sys.sudo"></value>
        <value type="string" key="sys.system">MacOS X</value>
        <value type="int" key="sys.usesudo">0</value>
        <value type="int" key="sys.usesudostatus">0</value>
      </value>
      <value type="string" key="name">Local 3306</value>
    </value>
    <value type="object" struct-name="db.mgmt.ServerInstance" id="FBEC5513-ABC7-4B4B-B972-33C374E13959" struct-checksum="0x367436e2">
      <link type="object" struct-name="db.mgmt.Connection" key="connection">2CC2FE8A-5CB9-49D5-B7C9-95807FEDB80D</link>
      <value _ptr_="0x600002cfab20" type="dict" key="loginInfo"/>
      <value _ptr_="0x600002cfab80" type="dict" key="serverInfo">
        <value type="int" key="setupPending">0</value>
        <value type="string" key="sys.sudo"></value>
      </value>
      <value type="string" key="name">47.104.128.137</value>
    </value>
  </value>
</data>
